"id","libid","project","sample_id","sampleLocationPlateWellTube","contentType","species","donorId","itnID","sampleBarcode","sort","cellType","cellNumber","treatment","stimulation","hla","dateCollected","sorter","sample_name","averagePeakSizeBp","concPgL","fromBp","genCoreSampleName","i7IndexName","index","libName","pool","tapestationRegionMolarityPmolL","toBp","libraryProtocolId","dateCreated","dateUpdated","PID","SiteID","responder","sampleName","libid_fcid","lib_type","tophatstats_total_reads","median_cv_coverage","mapped_unpaired_reads","mapped_paired_reads","percent_duplication","fastq_total_reads","mapped_reads","pct_aligned"
"6605936b9408372514b851b6","lib100427","P576-1","S126836","1","Cells","Human","004004","ITN027AI-004-9007","925784","TIGIT-
KLRG1-","T cells",131,"Teplizumab","none","HLA*02","2024-03-05 00:00:00","Fusion","925784_1",440,30700,100,"1_925784_1","Ad2.1","TAAGGCGA","lib100427_TAAGGCGA","Pool 1",151000,1000,"ATACseq_custom1","2024-03-28 08:57:31","2024-03-28 08:57:31","004","004","No","TIGIT-KLRG1-CD8+_004004","lib100427_AACHGGFHV","standard",36911741,"1.188075","361859","35239905","0.400194",36911741,35601764,96.4510560474511
"6605936b9408372514b851b7","lib100428","P576-1","S126837","2","Cells","Human","004004","ITN027AI-004-9007","925784","(TIGIT+KLRG1+)-
CD127+","T cells",143,"Teplizumab","none","HLA*02","2024-03-05 00:00:00","Fusion","925784_2",450,10100,100,"2_925784_2","Ad2.2","CGTACTAG","lib100428_CGTACTAG","Pool 1",48100,1000,"ATACseq_custom1","2024-03-28 08:57:31","2024-03-28 08:57:31","004","004","No","(TIGIT+KLRG1+)-CD127+CD8+_004004","lib100428_AACHGGFHV","standard",40545606,"1.243169","378524","38754059","0.388024",40545606,39132583,96.5149787131064
"6605936b9408372514b851b8","lib100429","P576-1","S126838","3","Cells","Human","004004","ITN027AI-004-9007","925784","TIGIT+KLRG1+
CD57-CD127+","T cells",30,"Teplizumab","none","HLA*02","2024-03-05 00:00:00","Fusion","925784_3",457,6350,100,"3_925784_3","Ad2.3","AGGCAGAA","lib100429_AGGCAGAA","Pool 1",31400,1000,"ATACseq_custom1","2024-03-28 08:57:31","2024-03-28 08:57:31","004","004","No","TIGIT+KLRG1+CD57-CD127+CD8+_004004","lib100429_AACHGGFHV","standard",37867909,"1.215152","444198","35800691","0.377516",37867909,36244889,95.7139962494364
"6605936b9408372514b851b9","lib100430","P576-1","S126839","4","Cells","Human","004004","ITN027AI-004-9007","925784","TIGIT+KLRG1+
CD57+CD127-","T cells",10,"Teplizumab","none","HLA*02","2024-03-05 00:00:00","Fusion","925784_4",381,808,100,"4_925784_4","Ad2.4","TCCTGAGC","lib100430_TCCTGAGC","Pool 1",5200,1000,"ATACseq_custom1","2024-03-28 08:57:31","2024-03-28 08:57:31","004","004","No","TIGIT+KLRG1+CD57+CD127-CD8+_004004","lib100430_AACHGGFHV","standard",48921118,"1.169264","452238","45295315","0.64351",48921118,45747553,93.5128935524327
"6605936b9408372514b851ba","lib100431","P576-1","S126840","5","Cells","Human","004004","ITN027AI-004-9007","925784","TIGIT+KLRG1+
CD57-CD127-PD1+","T cells",28,"Teplizumab","none","HLA*02","2024-03-05 00:00:00","Fusion","925784_5",359,410,100,"5_925784_5","Ad2.5","GGACTCCT","lib100431_GGACTCCT","Pool 1",2950,1000,"ATACseq_custom1","2024-03-28 08:57:31","2024-03-28 08:57:31","004","004","No","TIGIT+KLRG1+CD57-CD127-PD1+CD8+_004004","lib100431_AACHGGFHV","standard",23043874,"1.210998","228778","20666168","0.738014",23043874,20894946,90.6746235463707
"6605936b9408372514b851bb","lib100432","P576-1","S126841","6","Cells","Human","007011","ITN027AI-007-9014","930954","TIGIT-
KLRG1-","T cells",28,"Teplizumab","none","HLA*02","2024-03-05 00:00:00","Fusion","930954_1",469,4650,100,"6_930954_1","Ad2.6","TAGGCATG","lib100432_TAGGCATG","Pool 1",22500,1000,"ATACseq_custom1","2024-03-28 08:57:31","2024-03-28 08:57:31","011","007","Yes","TIGIT-KLRG1-CD8+_007011","lib100432_AACHGGFHV","standard",42681828,"1.133102","493014","40386937","0.436793",42681828,40879951,95.778350917866
"6605936b9408372514b851bc","lib100433","P576-1","S126842","7","Cells","Human","007011","ITN027AI-007-9014","930954","(TIGIT+KLRG1+)-
CD127+","T cells",40,"Teplizumab","none","HLA*02","2024-03-05 00:00:00","Fusion","930954_2",490,2740,100,"7_930954_2","Ad2.7","CTCTCTAC","lib100433_CTCTCTAC","Pool 1",12400,1000,"ATACseq_custom1","2024-03-28 08:57:31","2024-03-28 08:57:31","011","007","Yes","(TIGIT+KLRG1+)-CD127+CD8+_007011","lib100433_AACHGGFHV","standard",41771099,"1.248236","457312","39471761","0.468513",41771099,39929073,95.5901902413437
"6605936b9408372514b851bd","lib100434","P576-1","S126843","8","Cells","Human","007011","ITN027AI-007-9014","930954","TIGIT+KLRG1+
CD57-CD127+","T cells",26,"Teplizumab","none","HLA*02","2024-03-05 00:00:00","Fusion","930954_3",480,5740,100,"8_930954_3","Ad2.8","CAGAGAGG","lib100434_CAGAGAGG","Pool 1",26900,1000,"ATACseq_custom1","2024-03-28 08:57:31","2024-03-28 08:57:31","011","007","Yes","TIGIT+KLRG1+CD57-CD127+CD8+_007011","lib100434_AACHGGFHV","standard",30754602,"1.142059","343539","29252871","0.377218",30754602,29596410,96.2340855524646
"6605936b9408372514b851be","lib100435","P576-1","S126844","9","Cells","Human","007011","ITN027AI-007-9014","930954","TIGIT+KLRG1+
CD57+CD127-","T cells",50,"Teplizumab","none","HLA*02","2024-03-05 00:00:00","Fusion","930954_4",461,6560,100,"9_930954_4","Ad2.9","GCTACGCT","lib100435_GCTACGCT","Pool 1",32600,1000,"ATACseq_custom1","2024-03-28 08:57:31","2024-03-28 08:57:31","011","007","Yes","TIGIT+KLRG1+CD57+CD127-CD8+_007011","lib100435_AACHGGFHV","standard",31006719,"1.185291","351904","29505096","0.364871",31006719,29857000,96.2920327042664
"6605936b9408372514b851bf","lib100436","P576-1","S126845","10","Cells","Human","007011","ITN027AI-007-9014","930954","TIGIT+KLRG1+
CD57-CD127-PD1+","T cells",32,"Teplizumab","none","HLA*02","2024-03-05 00:00:00","Fusion","930954_5",444,7000,100,"10_930954_5","Ad2.10","CGAGGCTG","lib100436_CGAGGCTG","Pool 1",36000,1000,"ATACseq_custom1","2024-03-28 08:57:31","2024-03-28 08:57:31","011","007","Yes","TIGIT+KLRG1+CD57-CD127-PD1+CD8+_007011","lib100436_AACHGGFHV","standard",28845747,"1.173846","299083","27396414","0.368519",28845747,27695497,96.0124104257033
"6605936b9408372514b851c0","lib100437","P576-1","S126846","11","Cells","Human","007007","ITN027AI-007-9011","930545","TIGIT-
KLRG1-","T cells",70,"Teplizumab","none","A1","2024-03-11 00:00:00","Fusion","930545_1",417,11900,100,"11_930545_1","Ad2.11","AAGAGGCA","lib100437_AAGAGGCA","Pool 1",65300,1000,"ATACseq_custom1","2024-03-28 08:57:31","2024-03-28 08:57:31","007","007","Yes","TIGIT-KLRG1-CD8+_007007","lib100437_AACHGGFHV","standard",38080680,"1.149199","428693","36355931","0.573257",38080680,36784624,96.5965523724891
"6605936b9408372514b851c1","lib100438","P576-1","S126847","12","Cells","Human","007007","ITN027AI-007-9011","930545","(TIGIT+KLRG1+)-
CD127+","T cells",70,"Teplizumab","none","A1","2024-03-11 00:00:00","Fusion","930545_2",410,15700,100,"12_930545_2","Ad2.12","GTAGAGGA","lib100438_GTAGAGGA","Pool 1",85400,1000,"ATACseq_custom1","2024-03-28 08:57:31","2024-03-28 08:57:31","007","007","Yes","(TIGIT+KLRG1+)-CD127+CD8+_007007","lib100438_AACHGGFHV","standard",45117604,"1.118393","420999","43234460","0.569006",45117604,43655459,96.7592583152244
"6605936b9408372514b851c2","lib100439","P576-1","S126848","13","Cells","Human","007007","ITN027AI-007-9011","930545","TIGIT+KLRG1+
CD57-CD127+","T cells",40,"Teplizumab","none","A1","2024-03-11 00:00:00","Fusion","930545_3",367,7560,100,"13_930545_3","Ad2.13","GTCGTGAT","lib100439_GTCGTGAT","Pool 1",43900,1000,"ATACseq_custom1","2024-03-28 08:57:31","2024-03-28 08:57:31","007","007","Yes","TIGIT+KLRG1+CD57-CD127+CD8+_007007","lib100439_AACHGGFHV","standard",43966481,"1.090849","413891","42077733","0.56034",43966481,42491624,96.6454968274582
"6605936b9408372514b851c3","lib100440","P576-1","S126849","14","Cells","Human","007007","ITN027AI-007-9011","930545","TIGIT+KLRG1+
CD57+CD127-","T cells",70,"Teplizumab","none","A1","2024-03-11 00:00:00","Fusion","930545_4",407,19900,100,"14_930545_4","Ad2.14","ACCACTGT","lib100440_ACCACTGT","Pool 1",113000,1000,"ATACseq_custom1","2024-03-28 08:57:31","2024-03-28 08:57:31","007","007","Yes","TIGIT+KLRG1+CD57+CD127-CD8+_007007","lib100440_AACHGGFHV","standard",38064360,"1.101772","391078","36391012","0.492362",38064360,36782090,96.6313107589357
"6605936b9408372514b851c4","lib100441","P576-1","S126850","15","Cells","Human","007007","ITN027AI-007-9011","930545","TIGIT+KLRG1+
CD57-CD127-PD1+","T cells",70,"Teplizumab","none","A1","2024-03-11 00:00:00","Fusion","930545_5",423,19500,100,"15_930545_5","Ad2.15","TGGATCTG","lib100441_TGGATCTG","Pool 1",102000,1000,"ATACseq_custom1","2024-03-28 08:57:31","2024-03-28 08:57:31","007","007","Yes","TIGIT+KLRG1+CD57-CD127-PD1+CD8+_007007","lib100441_AACHGGFHV","standard",46227495,"1.108372","450099","44263632","0.508067",46227495,44713731,96.7254033557302
"6605936b9408372514b851c5","lib100442","P576-1","S126851","16","Cells","Human","003009","ITN027AI-003-9016","928933","TIGIT-
KLRG1-","T cells",45,"Teplizumab","none","A1+B8","2024-03-11 00:00:00","Fusion","928933_1",418,7710,100,"16_928933_1","Ad2.16","CCGTTTGT","lib100442_CCGTTTGT","Pool 1",42600,1000,"ATACseq_custom1","2024-03-28 08:57:31","2024-03-28 08:57:31","009","003","No","TIGIT-KLRG1-CD8+_003009","lib100442_AACHGGFHV","standard",31343138,"1.11195","315743","29961386","0.531153",31343138,30277129,96.5989078694035
"6605936b9408372514b851c6","lib100443","P576-1","S126852","17","Cells","Human","003009","ITN027AI-003-9016","928933","(TIGIT+KLRG1+)-
CD127+","T cells",37,"Teplizumab","none","A1+B8","2024-03-11 00:00:00","Fusion","928933_2",411,10200,100,"17_928933_2","Ad2.17","TGCTGGGT","lib100443_TGCTGGGT","Pool 1",55900,1000,"ATACseq_custom1","2024-03-28 08:57:31","2024-03-28 08:57:31","009","003","No","(TIGIT+KLRG1+)-CD127+CD8+_003009","lib100443_AACHGGFHV","standard",51942576,"1.078273","524001","49872804","0.580697",51942576,50396805,97.0240771270181
"6605936b9408372514b851c7","lib100444","P576-1","S126853","18","Cells","Human","003009","ITN027AI-003-9016","928933","TIGIT+KLRG1+
CD57-CD127+","T cells",8,"Teplizumab","none","A1+B8","2024-03-11 00:00:00","Fusion","928933_3",437,2500,100,"18_928933_3","Ad2.18","GAGGGGTT","lib100444_GAGGGGTT","Pool 1",13200,1000,"ATACseq_custom1","2024-03-28 08:57:31","2024-03-28 08:57:31","009","003","No","TIGIT+KLRG1+CD57-CD127+CD8+_003009","lib100444_AACHGGFHV","standard",38463876,"1.048977","413766","36801809","0.570169",38463876,37215575,96.7546146415405
"6605936b9408372514b851c8","lib100445","P576-1","S126854","19","Cells","Human","003009","ITN027AI-003-9016","928933","TIGIT+KLRG1+
CD57+CD127-","T cells",5,"Teplizumab","none","A1+B8","2024-03-11 00:00:00","Fusion","928933_4",428,1810,100,"19_928933_4","Ad2.19","AGGTTGGG","lib100445_AGGTTGGG","Pool 1",9860,1000,"ATACseq_custom1","2024-03-28 08:57:31","2024-03-28 08:57:31","009","003","No","TIGIT+KLRG1+CD57+CD127-CD8+_003009","lib100445_AACHGGFHV","standard",52406157,"1.054917","524239","49734963","0.588188",52406157,50259202,95.9032390030049
"6605936b9408372514b851c9","lib100446","P576-1","S126855","20","Cells","Human","003009","ITN027AI-003-9016","928933","TIGIT+KLRG1+
CD57-CD127-PD1+","T cells",4,"Teplizumab","none","A1+B8","2024-03-11 00:00:00","Fusion","928933_5",389,1580,100,"20_928933_5","Ad2.20","GTGTGGTG","lib100446_GTGTGGTG","Pool 1",10100,1000,"ATACseq_custom1","2024-03-28 08:57:31","2024-03-28 08:57:31","009","003","No","TIGIT+KLRG1+CD57-CD127-PD1+CD8+_003009","lib100446_AACHGGFHV","standard",33640685,"1.041327","334038","32013518","0.597826",33640685,32347556,96.1560562753107
"6605936b9408372514b851ca","lib100447","P576-1","S126856","21","Cells","Human","003015","ITN027AI-003-9022","929080","TIGIT-
KLRG1-","T cells",46,"Teplizumab","none","A1+A24+B8","2024-03-15 00:00:00","Fusion","929080_1",426,3960,100,"21_929080_1","Ad2.21","TGGGTTTC","lib100447_TGGGTTTC","Pool 1",21200,1000,"ATACseq_custom1","2024-03-28 08:57:31","2024-03-28 08:57:31","015","003","Yes","TIGIT-KLRG1-CD8+_003015","lib100447_AACHGGFHV","standard",45598123,"1.170621","457187","43726506","0.665508",45598123,44183693,96.8980521413129
"6605936b9408372514b851cb","lib100448","P576-1","S126857","22","Cells","Human","003015","ITN027AI-003-9022","929080","(TIGIT+KLRG1+)-
CD127+","T cells",50,"Teplizumab","none","A1+A24+B8","2024-03-15 00:00:00","Fusion","929080_2",420,11700,100,"22_929080_2","Ad2.22","TGGTCACA","lib100448_TGGTCACA","Pool 1",63100,1000,"ATACseq_custom1","2024-03-28 08:57:31","2024-03-28 08:57:31","015","003","Yes","(TIGIT+KLRG1+)-CD127+CD8+_003015","lib100448_AACHGGFHV","standard",45494016,"1.169683","455865","43583551","0.605137",45494016,44039416,96.8026564196926
"6605936b9408372514b851cc","lib100449","P576-1","S126858","23","Cells","Human","003015","ITN027AI-003-9022","929080","TIGIT+KLRG1+
CD57-CD127+","T cells",32,"Teplizumab","none","A1+A24+B8","2024-03-15 00:00:00","Fusion","929080_3",434,5420,100,"23_929080_3","Ad2.23","TTGACCCT","lib100449_TTGACCCT","Pool 1",28400,1000,"ATACseq_custom1","2024-03-28 08:57:31","2024-03-28 08:57:31","015","003","Yes","TIGIT+KLRG1+CD57-CD127+CD8+_003015","lib100449_AACHGGFHV","standard",48476611,"1.117881","502847","46479174","0.570912",48476611,46982021,96.916884309425
"6605936b9408372514b851cd","lib100450","P576-1","S126859","24","Cells","Human","003015","ITN027AI-003-9022","929080","TIGIT+KLRG1+
CD57+CD127-","T cells",10,"Teplizumab","none","A1+A24+B8","2024-03-15 00:00:00","Fusion","929080_4",449,3790,100,"24_929080_4","Ad2.24","CCACTCCT","lib100450_CCACTCCT","Pool 1",19200,1000,"ATACseq_custom1","2024-03-28 08:57:31","2024-03-28 08:57:31","015","003","Yes","TIGIT+KLRG1+CD57+CD127-CD8+_003015","lib100450_AACHGGFHV","standard",39606699,"1.050735","407528","37775760","0.473637",39606699,38183288,96.4061357398151
"6605936b9408372514b851ce","lib100451","P576-1","S126860","25","Cells","Human","003015","ITN027AI-003-9022","929080","TIGIT+KLRG1+
CD57-CD127-PD1+","T cells",16,"Teplizumab","none","A1+A24+B8","2024-03-15 00:00:00","Fusion","929080_5",449,2900,100,"25_929080_5","Ad2.25","GCTCATGA","lib100451_GCTCATGA","Pool 1",14800,1000,"ATACseq_custom1","2024-03-28 08:57:31","2024-03-28 08:57:31","015","003","Yes","TIGIT+KLRG1+CD57-CD127-PD1+CD8+_003015","lib100451_AACHGGFHV","standard",45936454,"1.05393","511527","44065102","0.519272",45936454,44576629,97.0397693300401
"6605936b9408372514b851cf","lib100452","P576-1","S126861","26","Cells","Human","004011","ITN027AI-004-9012","946455","TIGIT-
KLRG1-","T cells",44,"Teplizumab","none","B7+B8","2024-03-15 00:00:00","Fusion","946455_1",428,14000,100,"26_946455_1","Ad2.4","TCCTGAGC","lib100452_TCCTGAGC","Pool 2",72900,1000,"ATACseq_custom1","2024-03-28 08:57:31","2024-03-28 08:57:31","011","004","No","TIGIT-KLRG1-CD8+_004011","lib100452_AACHVHGHV","standard",45317509,"1.098175","378321","43415949","0.507198",45317509,43794270,96.6387406686453
"6605936b9408372514b851d0","lib100453","P576-1","S126862","27","Cells","Human","004011","ITN027AI-004-9012","946455","(TIGIT+KLRG1+)-
CD127+","T cells",60,"Teplizumab","none","B7+B8","2024-03-15 00:00:00","Fusion","946455_2",408,19500,100,"27_946455_2","Ad2.5","GGACTCCT","lib100453_GGACTCCT","Pool 2",106000,1000,"ATACseq_custom1","2024-03-28 08:57:31","2024-03-28 08:57:31","011","004","No","(TIGIT+KLRG1+)-CD127+CD8+_004011","lib100453_AACHVHGHV","standard",44550635,"1.080121","365437","42884679","0.528593",44550635,43250116,97.0808070412464
"6605936b9408372514b851d1","lib100454","P576-1","S126863","28","Cells","Human","004011","ITN027AI-004-9012","946455","TIGIT+KLRG1+
CD57-CD127+","T cells",18,"Teplizumab","none","B7+B8","2024-03-15 00:00:00","Fusion","946455_3",429,6480,100,"28_946455_3","Ad2.6","TAGGCATG","lib100454_TAGGCATG","Pool 2",34400,1000,"ATACseq_custom1","2024-03-28 08:57:31","2024-03-28 08:57:31","011","004","No","TIGIT+KLRG1+CD57-CD127+CD8+_004011","lib100454_AACHVHGHV","standard",41021289,"1.057568","364180","39105990","0.48528",41021289,39470170,96.2187463197463
"6605936b9408372514b851d2","lib100455","P576-1","S126864","29","Cells","Human","004011","ITN027AI-004-9012","946455","TIGIT+KLRG1+
CD57+CD127-","T cells",17,"Teplizumab","none","B7+B8","2024-03-15 00:00:00","Fusion","946455_4",429,9970,100,"29_946455_4","Ad2.7","CTCTCTAC","lib100455_CTCTCTAC","Pool 2",54500,1000,"ATACseq_custom1","2024-03-28 08:57:31","2024-03-28 08:57:31","011","004","No","TIGIT+KLRG1+CD57+CD127-CD8+_004011","lib100455_AACHVHGHV","standard",40350852,"1.049929","343733","38434689","0.427332",40350852,38778422,96.1031058278522
"6605936b9408372514b851d3","lib100456","P576-1","S126865","30","Cells","Human","004011","ITN027AI-004-9012","946455","TIGIT+KLRG1+
CD57-CD127-PD1+","T cells",23,"Teplizumab","none","B7+B8","2024-03-15 00:00:00","Fusion","946455_5",441,5010,100,"30_946455_5","Ad2.8","CAGAGAGG","lib100456_CAGAGAGG","Pool 2",26300,1000,"ATACseq_custom1","2024-03-28 08:57:31","2024-03-28 08:57:31","011","004","No","TIGIT+KLRG1+CD57-CD127-PD1+CD8+_004011","lib100456_AACHVHGHV","standard",37887764,"1.053106","331526","36331030","0.4805",37887764,36662556,96.7662171882194
"6605936b9408372514b851d4","lib100457","P576-1","S126866","31","Cells","Human","005008","ITN027AI-005-9009","947579","TIGIT-
KLRG1-","T cells",70,"Teplizumab","none","A2","2024-03-18 00:00:00","Fusion","947579_1",402,18300,100,"31_947579_1","Ad2.9","GCTACGCT","lib100457_GCTACGCT","Pool 2",102000,1000,"ATACseq_custom1","2024-03-28 08:57:31","2024-03-28 08:57:31","008","005","Yes","TIGIT-KLRG1-CD8+_005008","lib100457_AACHVHGHV","standard",39994121,"1.123195","340412","38151942","0.445745",39994121,38492354,96.2450306133744
"6605936b9408372514b851d5","lib100458","P576-1","S126867","32","Cells","Human","005008","ITN027AI-005-9009","947579","(TIGIT+KLRG1+)-
CD127+","T cells",70,"Teplizumab","none","A2","2024-03-18 00:00:00","Fusion","947579_2",416,12100,100,"32_947579_2","Ad2.10","CGAGGCTG","lib100458_CGAGGCTG","Pool 2",65400,1000,"ATACseq_custom1","2024-03-28 08:57:31","2024-03-28 08:57:31","008","005","Yes","(TIGIT+KLRG1+)-CD127+CD8+_005008","lib100458_AACHVHGHV","standard",39199270,"1.146329","313870","37495670","0.481296",39199270,37809540,96.4547043860766
"6605936b9408372514b851d6","lib100459","P576-1","S126868","33","Cells","Human","005008","ITN027AI-005-9009","947579","TIGIT+KLRG1+
CD57-CD127+","T cells",61,"Teplizumab","none","A2","2024-03-18 00:00:00","Fusion","947579_3",426,6850,100,"33_947579_3","Ad2.11","AAGAGGCA","lib100459_AAGAGGCA","Pool 2",37000,1000,"ATACseq_custom1","2024-03-28 08:57:31","2024-03-28 08:57:31","008","005","Yes","TIGIT+KLRG1+CD57-CD127+CD8+_005008","lib100459_AACHVHGHV","standard",50381790,"1.133685","447457","47943454","0.457741",50381790,48390911,96.0484155088575
"6605936b9408372514b851d7","lib100460","P576-1","S126869","34","Cells","Human","005008","ITN027AI-005-9009","947579","TIGIT+KLRG1+
CD57+CD127-","T cells",57,"Teplizumab","none","A2","2024-03-18 00:00:00","Fusion","947579_4",452,12000,100,"34_947579_4","Ad2.12","GTAGAGGA","lib100460_GTAGAGGA","Pool 2",58400,1000,"ATACseq_custom1","2024-03-28 08:57:31","2024-03-28 08:57:31","008","005","Yes","TIGIT+KLRG1+CD57+CD127-CD8+_005008","lib100460_AACHVHGHV","standard",45641562,"1.133955","360685","43559892","0.383967",45641562,43920577,96.2293468396196
"6605936b9408372514b851d8","lib100461","P576-1","S126870","35","Cells","Human","005008","ITN027AI-005-9009","947579","TIGIT+KLRG1+
CD57-CD127-PD1+","T cells",70,"Teplizumab","none","A2","2024-03-18 00:00:00","Fusion","947579_5",452,5400,100,"35_947579_5","Ad2.13","GTCGTGAT","lib100461_GTCGTGAT","Pool 2",26900,1000,"ATACseq_custom1","2024-03-28 08:57:31","2024-03-28 08:57:31","008","005","Yes","TIGIT+KLRG1+CD57-CD127-PD1+CD8+_005008","lib100461_AACHVHGHV","standard",44962160,"1.125807","378000","42850562","0.444043",44962160,43228562,96.1443177996787
"6605936b9408372514b851d9","lib100462","P576-1","S126871","36","Cells","Human","002017","ITN027AI-002-9024","940884","TIGIT-
KLRG1-","T cells",56,"Teplizumab","none","A1+A2+B8","2024-03-18 00:00:00","Fusion","940884_1",462,6130,100,"36_940884_1","Ad2.14","ACCACTGT","lib100462_ACCACTGT","Pool 2",30100,1000,"ATACseq_custom1","2024-03-28 08:57:31","2024-03-28 08:57:31","017","002","Yes","TIGIT-KLRG1-CD8+_002017","lib100462_AACHVHGHV","standard",44138844,"1.12384","391383","42151982","0.408128",44138844,42543365,96.3853176580701
"6605936b9408372514b851da","lib100463","P576-1","S126872","37","Cells","Human","002017","ITN027AI-002-9024","940884","(TIGIT+KLRG1+)-
CD127+","T cells",56,"Teplizumab","none","A1+A2+B8","2024-03-18 00:00:00","Fusion","940884_2",468,3520,100,"37_940884_2","Ad2.15","TGGATCTG","lib100463_TGGATCTG","Pool 2",17300,1000,"ATACseq_custom1","2024-03-28 08:57:31","2024-03-28 08:57:31","017","002","Yes","(TIGIT+KLRG1+)-CD127+CD8+_002017","lib100463_AACHVHGHV","standard",42394087,"1.128457","340534","40364933","0.434035",42394087,40705467,96.0168501800735
"6605936b9408372514b851db","lib100464","P576-1","S126873","38","Cells","Human","002017","ITN027AI-002-9024","940884","TIGIT+KLRG1+
CD57-CD127+","T cells",41,"Teplizumab","none","A1+A2+B8","2024-03-18 00:00:00","Fusion","940884_3",424,3600,100,"38_940884_3","Ad2.16","CCGTTTGT","lib100464_CCGTTTGT","Pool 2",19100,1000,"ATACseq_custom1","2024-03-28 08:57:31","2024-03-28 08:57:31","017","002","Yes","TIGIT+KLRG1+CD57-CD127+CD8+_002017","lib100464_AACHVHGHV","standard",39853950,"1.116789","308072","37848402","0.43246",39853950,38156474,95.7407584442696
"6605936b9408372514b851dc","lib100465","P576-1","S126874","39","Cells","Human","002017","ITN027AI-002-9024","940884","TIGIT+KLRG1+
CD57+CD127-","T cells",57,"Teplizumab","none","A1+A2+B8","2024-03-18 00:00:00","Fusion","940884_4",408,12000,100,"39_940884_4","Ad2.17","TGCTGGGT","lib100465_TGCTGGGT","Pool 2",64600,1000,"ATACseq_custom1","2024-03-28 08:57:31","2024-03-28 08:57:31","017","002","Yes","TIGIT+KLRG1+CD57+CD127-CD8+_002017","lib100465_AACHVHGHV","standard",45905543,"1.118818","330330","43364306","0.349141",45905543,43694636,95.1837907679253
"6605936b9408372514b851dd","lib100466","P576-1","S126875","40","Cells","Human","002017","ITN027AI-002-9024","940884","TIGIT+KLRG1+
CD57-CD127-PD1+","T cells",56,"Teplizumab","none","A1+A2+B8","2024-03-18 00:00:00","Fusion","940884_5",460,5150,100,"40_940884_5","Ad2.18","GAGGGGTT","lib100466_GAGGGGTT","Pool 2",25200,1000,"ATACseq_custom1","2024-03-28 08:57:31","2024-03-28 08:57:31","017","002","Yes","TIGIT+KLRG1+CD57-CD127-PD1+CD8+_002017","lib100466_AACHVHGHV","standard",34195460,"1.079498","282305","32540747","0.385119",34195460,32823052,95.9865783352527
"6605936b9408372514b851de","lib100467","P576-1","S126876","41","Cells","Human","002011","ITN027AI-002-9010","927496","TIGIT-
KLRG1-","T cells",47,"Teplizumab","none","A24","2024-03-21 00:00:00","Fusion","927496_1",368,20700,100,"41_927496_1","Ad2.19","AGGTTGGG","lib100467_AGGTTGGG","Pool 2",124000,1000,"ATACseq_custom1","2024-03-28 08:57:31","2024-03-28 08:57:31","011","002","Yes","TIGIT-KLRG1-CD8+_002011","lib100467_AACHVHGHV","standard",54942951,"1.122134","422570","51962453","0.357202",54942951,52385023,95.344392768419
"6605936b9408372514b851df","lib100468","P576-1","S126877","42","Cells","Human","002011","ITN027AI-002-9010","927496","(TIGIT+KLRG1+)-
CD127+","T cells",38,"Teplizumab","none","A24","2024-03-21 00:00:00","Fusion","927496_2",422,15000,100,"42_927496_2","Ad2.20","GTGTGGTG","lib100468_GTGTGGTG","Pool 2",81300,1000,"ATACseq_custom1","2024-03-28 08:57:31","2024-03-28 08:57:31","011","002","Yes","(TIGIT+KLRG1+)-CD127+CD8+_002011","lib100468_AACHVHGHV","standard",40618484,"1.117852","326783","38820026","0.421508",40618484,39146809,96.3768342511257
"6605936b9408372514b851e0","lib100469","P576-1","S126878","43","Cells","Human","002011","ITN027AI-002-9010","927496","TIGIT+KLRG1+
CD57-CD127+","T cells",40,"Teplizumab","none","A24","2024-03-21 00:00:00","Fusion","927496_3",424,13800,100,"43_927496_3","Ad2.21","TGGGTTTC","lib100469_TGGGTTTC","Pool 2",75800,1000,"ATACseq_custom1","2024-03-28 08:57:31","2024-03-28 08:57:31","011","002","Yes","TIGIT+KLRG1+CD57-CD127+CD8+_002011","lib100469_AACHVHGHV","standard",39300295,"1.172905","315516","37326901","0.375565",39300295,37642417,95.7815125815213
"6605936b9408372514b851e1","lib100470","P576-1","S126879","44","Cells","Human","002011","ITN027AI-002-9010","927496","TIGIT+KLRG1+
CD57+CD127-","T cells",47,"Teplizumab","none","A24","2024-03-21 00:00:00","Fusion","927496_4",446,13300,100,"44_927496_4","Ad2.22","TGGTCACA","lib100470_TGGTCACA","Pool 2",69000,1000,"ATACseq_custom1","2024-03-28 08:57:31","2024-03-28 08:57:31","011","002","Yes","TIGIT+KLRG1+CD57+CD127-CD8+_002011","lib100470_AACHVHGHV","standard",42027656,"1.1753","373230","40207012","0.377662",42027656,40580242,96.5560439535338
"6605936b9408372514b851e2","lib100471","P576-1","S126880","45","Cells","Human","002011","ITN027AI-002-9010","927496","TIGIT+KLRG1+
CD57-CD127-PD1+","T cells",30,"Teplizumab","none","A24","2024-03-21 00:00:00","Fusion","927496_5",469,3640,100,"45_927496_5","Ad2.23","TTGACCCT","lib100471_TTGACCCT","Pool 2",17900,1000,"ATACseq_custom1","2024-03-28 08:57:31","2024-03-28 08:57:31","011","002","Yes","TIGIT+KLRG1+CD57-CD127-PD1+CD8+_002011","lib100471_AACHVHGHV","standard",33377091,"1.135844","280743","31791940","0.416026",33377091,32072683,96.0919062718797
"6605936b9408372514b851e3","lib100472","P576-1","S126881","46","Cells","Human","007021","ITN027AI-007-9024","941232","TIGIT-
KLRG1-","T cells",70,"Teplizumab","none","A26+B7","2024-03-21 00:00:00","Fusion","941232_1",457,11300,100,"46_941232_1","Ad2.24","CCACTCCT","lib100472_CCACTCCT","Pool 2",56900,1000,"ATACseq_custom1","2024-03-28 08:57:31","2024-03-28 08:57:31","021","007","No","TIGIT-KLRG1-CD8+_007021","lib100472_AACHVHGHV","standard",35519498,"1.155169","295947","33963252","0.400266",35519498,34259199,96.4518107772807
"6605936b9408372514b851e4","lib100473","P576-1","S126882","47","Cells","Human","007021","ITN027AI-007-9024","941232","(TIGIT+KLRG1+)-
CD127+","T cells",70,"Teplizumab","none","A26+B7","2024-03-21 00:00:00","Fusion","941232_2",342,32600,100,"47_941232_2","Ad2.25","GCTCATGA","lib100473_GCTCATGA","Pool 2",212000,1000,"ATACseq_custom1","2024-03-28 08:57:31","2024-03-28 08:57:31","021","007","No","(TIGIT+KLRG1+)-CD127+CD8+_007021","lib100473_AACHVHGHV","standard",37729923,"1.185102","293383","35908904","0.385059",37729923,36202287,95.9511287632366
"6605936b9408372514b851e5","lib100474","P576-1","S126883","48","Cells","Human","007021","ITN027AI-007-9024","941232","TIGIT+KLRG1+
CD57-CD127+","T cells",46,"Teplizumab","none","A26+B7","2024-03-21 00:00:00","Fusion","941232_3",411,16600,100,"48_941232_3","Ad2.26","ATCTCAGG","lib100474_ATCTCAGG","Pool 2",90800,1000,"ATACseq_custom1","2024-03-28 08:57:31","2024-03-28 08:57:31","021","007","No","TIGIT+KLRG1+CD57-CD127+CD8+_007021","lib100474_AACHVHGHV","standard",45357022,"1.111247","368004","43179735","0.353282",45357022,43547739,96.0110189773923
"6605936b9408372514b851e6","lib100475","P576-1","S126884","49","Cells","Human","007021","ITN027AI-007-9024","941232","TIGIT+KLRG1+
CD57+CD127-","T cells",70,"Teplizumab","none","A26+B7","2024-03-21 00:00:00","Fusion","941232_4",389,20200,100,"49_941232_4","Ad2.27","ACTCGCTA","lib100475_ACTCGCTA","Pool 2",115000,1000,"ATACseq_custom1","2024-03-28 08:57:31","2024-03-28 08:57:31","021","007","No","TIGIT+KLRG1+CD57+CD127-CD8+_007021","lib100475_AACHVHGHV","standard",55219847,"1.111087","477232","52735197","0.375153",55219847,53212429,96.3646802570822
"6605936b9408372514b851e7","lib100476","P576-1","S126885","50","Cells","Human","007021","ITN027AI-007-9024","941232","TIGIT+KLRG1+
CD57-CD127-PD1+","T cells",45,"Teplizumab","none","A26+B7","2024-03-21 00:00:00","Fusion","941232_5",449,8310,100,"50_941232_5","Ad2.28","GGAGCTAC","lib100476_GGAGCTAC","Pool 2",42900,1000,"ATACseq_custom1","2024-03-28 08:57:31","2024-03-28 08:57:31","021","007","No","TIGIT+KLRG1+CD57-CD127-PD1+CD8+_007021","lib100476_AACHVHGHV","standard",33203854,"1.154176","288913","31636262","0.375791",33203854,31925175,96.1490042692032
