"","Position","most_freq_var_allele","4","2","6","7","8","1","9","3","10","5","var_id"
"1",73,"G",0,1,1,1,1,0,0,0,0,0,"73, G"
"2",150,"T",0,0,1,0,1,0,0,0,0,0,"150, T"
"3",195,"C",0,0,1,0,1,0,0,1,0,0,"195, C"
"4",489,"C",0,0,0,1,0,0,0,0,1,0,"489, C"
"5",709,"A",0,1,1,0,0,1,0,1,0,0,"709, A"
"6",1692,"G",0,0,0,0,0,1,0,0,0,1,"1692, G"
"7",2706,"G",0,1,0,0,1,0,0,0,1,0,"2706, G"
"8",3197,"C",0,1,0,0,0,1,0,0,0,0,"3197, C"
"9",3810,"G",0,0,0,0,0,1,0,0,0,1,"3810, G"
"10",4201,"A",1,0,0,0,0,0,0,1,0,0,"4201, A"
"11",4336,"C",0,0,0,0,0,1,0,1,0,0,"4336, C"
"12",4769,"G",1,0,1,0,0,0,0,1,0,1,"4769, G"
"13",5046,"A",0,0,1,0,0,0,1,0,0,0,"5046, A"
"14",5319,"G",0,0,0,0,0,1,0,1,0,0,"5319, G"
"15",5460,"A",0,0,1,0,0,0,0,1,0,0,"5460, A"
"16",7028,"T",0,1,1,1,0,0,0,0,1,0,"7028, T"
"17",8860,"G",1,0,1,1,0,0,1,1,1,1,"8860, G"
"18",11719,"A",0,1,1,1,0,0,0,0,1,0,"11719, A"
"19",11947,"G",0,0,1,0,0,0,1,0,0,0,"11947, G"
"20",12091,"C",1,0,0,0,0,1,0,0,0,0,"12091, C"
"21",12705,"T",0,0,0,1,1,0,1,0,1,0,"12705, T"
"22",13105,"G",1,0,0,0,0,1,0,0,0,0,"13105, G"
"23",13708,"A",1,1,0,0,0,1,0,0,0,0,"13708, A"
"24",14318,"C",0,0,0,1,0,0,0,0,1,0,"14318, C"
"25",14364,"A",1,0,0,0,0,1,0,0,0,0,"14364, A"
"26",14470,"A",0,0,0,0,0,1,0,0,0,1,"14470, A"
"27",14766,"T",0,1,1,1,0,1,1,0,1,0,"14766, T"
"28",14783,"C",0,0,0,1,0,0,0,0,1,0,"14783, C"
"29",16223,"T",0,0,1,0,1,1,1,0,1,0,"16223, T"
"30",16292,"T",0,0,1,0,1,0,0,0,0,0,"16292, T"
"31",16298,"C",0,0,0,1,0,0,0,0,1,0,"16298, C"
"32",16304,"C",0,1,0,0,0,1,0,1,0,0,"16304, C"
"33",16325,"C",0,0,0,1,0,0,0,0,1,0,"16325, C"
"34",16327,"T",0,0,0,1,0,0,0,0,1,0,"16327, T"
"35",16399,"G",0,1,0,0,0,1,0,0,0,0,"16399, G"
"36",16519,"C",1,1,0,0,1,1,1,0,1,1,"16519, C"
