"","donorId","Position","most_freq_var_allele","DP CD127+","non-exhausted CD127+","DN","DP CD57+","DP PD-1+","var_id"
"1","002011",5004,"C",1,1,1,1,1,"002011, 5004, C"
"2","002011",16311,"C",1,1,1,1,1,"002011, 16311, C"
"3","002017",11560,"G",1,1,1,1,1,"002017, 11560, G"
"4","003009",10578,"G",1,1,1,1,1,"003009, 10578, G"
"5","003009",12091,"C",1,1,1,1,1,"003009, 12091, C"
"6","004004",9150,"G",1,1,1,1,1,"004004, 9150, G"
"7","004004",15062,"C",1,1,1,1,1,"004004, 15062, C"
"8","004004",16263,"C",1,1,1,1,1,"004004, 16263, C"
"9","004011",204,"C",1,1,1,1,1,"004011, 204, C"
"10","004011",207,"A",1,1,1,1,1,"004011, 207, A"
"11","005008",9545,"G",1,1,1,1,1,"005008, 9545, G"
"12","005008",11914,"A",1,1,1,1,1,"005008, 11914, A"
"13","007007",15403,"T",1,1,1,1,1,"007007, 15403, T"
"14","007011",73,"G",1,1,1,1,1,"007011, 73, G"
"15","007011",2706,"G",1,1,1,1,1,"007011, 2706, G"
"16","007011",3197,"C",1,1,1,1,1,"007011, 3197, C"
"17","007011",7028,"T",1,1,1,1,1,"007011, 7028, T"
"18","007011",9667,"G",1,1,1,1,1,"007011, 9667, G"
"19","007011",11467,"G",1,1,1,1,1,"007011, 11467, G"
"20","007011",11719,"A",1,1,1,1,1,"007011, 11719, A"
"21","007011",12372,"A",1,1,1,1,1,"007011, 12372, A"
"22","007011",13617,"C",1,1,1,1,1,"007011, 13617, C"
"23","007011",14766,"T",1,1,1,1,1,"007011, 14766, T"
"24","007011",14793,"G",1,1,1,1,1,"007011, 14793, G"
"25","007011",15218,"G",1,1,1,1,1,"007011, 15218, G"
"26","007011",15573,"C",1,1,1,1,1,"007011, 15573, C"
"27","007011",16192,"T",1,1,1,1,1,"007011, 16192, T"
"28","007011",16256,"T",1,1,1,1,1,"007011, 16256, T"
"29","007011",16270,"T",1,1,1,1,1,"007011, 16270, T"
"30","007011",16399,"G",1,1,1,1,1,"007011, 16399, G"
"31","007021",6776,"C",1,1,1,1,1,"007021, 6776, C"
"32","007021",9081,"T",1,1,1,1,1,"007021, 9081, T"
"33","007021",13635,"C",1,1,1,1,1,"007021, 13635, C"
