libId,BAD_CYCLES,CATEGORY,CODING_BASES,CORRECT_STRAND_READS,IGNORED_READS,INCORRECT_STRAND_READS,INTERGENIC_BASES,INTRONIC_BASES,LIBRARY,MEAN_READ_LENGTH,MEDIAN_3PRIME_BIAS,MEDIAN_5PRIME_BIAS,MEDIAN_5PRIME_TO_3PRIME_BIAS,MEDIAN_CV_COVERAGE,PCT_ADAPTER,PCT_CHIMERAS,PCT_CODING_BASES,PCT_CORRECT_STRAND_READS,PCT_INTERGENIC_BASES,PCT_INTRONIC_BASES,PCT_MRNA_BASES,PCT_PF_READS,PCT_PF_READS_ALIGNED,PCT_READS_ALIGNED_IN_PAIRS,PCT_RIBOSOMAL_BASES,PCT_USABLE_BASES,PCT_UTR_BASES,PERCENT_DUPLICATION,PF_ALIGNED_BASES,PF_ALIGNED_BASES,PF_BASES,PF_HQ_ALIGNED_BASES,PF_HQ_ALIGNED_Q20_BASES,PF_HQ_ALIGNED_READS,PF_HQ_ERROR_RATE,PF_HQ_MEDIAN_MISMATCHES,PF_INDEL_RATE,PF_MISMATCH_RATE,PF_NOISE_READS,PF_READS,PF_READS_ALIGNED,READS_ALIGNED_IN_PAIRS,READ_PAIRS_EXAMINED,READ_PAIR_DUPLICATES,READ_PAIR_OPTICAL_DUPLICATES,RIBOSOMAL_BASES,STRAND_BALANCE,TOTAL_READS,UNMAPPED_READS,UNPAIRED_READS_EXAMINED,UNPAIRED_READ_DUPLICATES,UTR_BASES,algn_seg_with_mult_algn,aligned,alignment_not_unique,ambiguous,fastq_total_reads,no_feature,not_aligned,reads_aligned_sam,reads_with_mult_align,too_low_aQual,mapped_reads_w_dups,%gc,adapter_content,basic_statistics,encoding,file_type,filename,kmer_content,overrepresented_sequences,per_base_n_content,per_base_sequence_content,per_base_sequence_quality,per_sequence_gc_content,per_sequence_quality_scores,per_tile_sequence_quality,sequence_duplication_levels,sequence_length,sequence_length_distribution,sequences_flagged_as_poor_quality,total_deduplicated_percentage,total_sequences,predicted_sex,sex_check,sexcheck_cutoff,sexcheck_eqn,total_counts,x_counts,x_genes,y_counts,y_genes,y_x_count_ratio,y_x_gene_ratio
lib35087_CCVMUANXX,0.0,UNPAIRED,53106429.0,718198.0,0.0,697203.0,8112682.0,51279527.0,Unknown Library,55.424122,0.902767,0.583782,0.623547,0.404726,0.0,0.0,0.328158,0.507417,0.05013,0.316869,0.631709,1.0,1.0,0.0,0.001314,0.628339,0.303551,0.497029,161831990.0,161831990.0,162699892.0,150168953.0,147520917.0,2720542.0,0.002202,0.0,0.000156,0.002408,0.0,2935543.0,2935543.0,0.0,0.0,0.0,0.0,212662.0,0.500429,2935543.0,0.0,5836408.0,2900865.0,49124249.0,26.6,60.6,5842191,137944,6539109.0,958889,0,3962423.0,1052292.0,0,0.8925387235478106,50.0,pass,pass,Sanger / Illumina 1.9,Conventional base calls,FASTQC_OUT,fail,pass,pass,fail,pass,pass,pass,pass,warn,50-57,warn,0.0,53.49003226483077,5952439.0,female,NA,0.5,(y_counts^2 / total_counts) > cutoff,1623709,51987,563,6,4,0.00011541346875180334,0.007104795737122558
lib35088_CCVMUANXX,0.0,UNPAIRED,63362062.0,758206.0,0.0,742616.0,4320010.0,19187017.0,Unknown Library,55.427871,0.875535,0.606223,0.681077,0.383249,0.0,0.0,0.481027,0.505194,0.032796,0.145663,0.820209,1.0,1.0,0.0,0.001347,0.816835,0.339181,0.479897,131722419.0,131722419.0,132266364.0,122246566.0,119933693.0,2212772.0,0.001972,0.0,0.000131,0.002134,0.0,2386279.0,2386279.0,0.0,0.0,0.0,0.0,177477.0,0.500508,2386279.0,0.0,4588088.0,2201809.0,44677788.0,20.5,60.6,3087895,147971,4952918.0,360934,0,2999373.0,613779.0,0,0.9263403916640655,51.0,pass,pass,Sanger / Illumina 1.9,Conventional base calls,FASTQC_OUT,warn,pass,pass,fail,pass,pass,pass,pass,warn,50-57,warn,0.0,54.787789056151084,4657865.0,female,NA,0.5,(y_counts^2 / total_counts) > cutoff,1703867,56214,558,4,4,7.115665136798663e-05,0.007168458781362007
lib35089_CCVMUANXX,0.0,UNPAIRED,46601016.0,600405.0,0.0,576989.0,6539001.0,19678526.0,Unknown Library,55.409417,0.892772,0.574688,0.61497,0.416448,0.0,0.0,0.418257,0.509944,0.058689,0.17662,0.76301,1.0,1.0,0.0,0.001702,0.759089,0.344753,0.525848,111417095.0,111417095.0,111992571.0,102553637.0,100711380.0,1857897.0,0.002095,0.0,0.000144,0.002301,0.0,2021183.0,2021183.0,0.0,0.0,0.0,0.0,189582.0,0.500036,2021183.0,0.0,4262732.0,2241549.0,38411360.0,28.0,58.5,4332408,114209,4782055.0,403622,0,2797881.0,782193.0,0,0.8914017090978669,51.0,pass,pass,Sanger / Illumina 1.9,Conventional base calls,FASTQC_OUT,fail,warn,pass,fail,pass,pass,pass,pass,warn,50-57,warn,0.0,50.7076906896999,4359995.0,female,NA,0.5,(y_counts^2 / total_counts) > cutoff,1340066,42545,524,6,6,0.00014102714772593725,0.011450381679389313
lib35090_CCVMUANXX,0.0,UNPAIRED,52949711.0,665298.0,0.0,650088.0,9750752.0,43222411.0,Unknown Library,55.48282,0.860925,0.589378,0.673863,0.400552,0.0,0.0,0.360637,0.505782,0.066412,0.294385,0.637917,1.0,1.0,0.0,0.0013,0.635739,0.27728,0.375913,146822891.0,146822891.0,147325917.0,137578093.0,134874569.0,2486414.0,0.002037,0.0,0.000136,0.002308,0.0,2655343.0,2655343.0,0.0,0.0,0.0,0.0,190852.0,0.499911,2655343.0,0.0,4254765.0,1599422.0,40711072.0,11.8,65.0,1547099,110938,4527188.0,863814,0,2943402.0,348318.0,0,0.9398251188154766,48.0,pass,pass,Sanger / Illumina 1.9,Conventional base calls,FASTQC_OUT,warn,pass,pass,fail,pass,pass,pass,pass,warn,50-57,warn,0.0,64.61699944542562,4321371.0,female,NA,0.5,(y_counts^2 / total_counts) > cutoff,1511662,47597,612,2,2,4.201945500766855e-05,0.0032679738562091504
lib35091_CCVMUANXX,0.0,UNPAIRED,42900157.0,529231.0,0.0,515818.0,4941629.0,27588533.0,Unknown Library,55.479523,0.879433,0.567168,0.641058,0.413526,0.0,0.0,0.39676,0.506417,0.045702,0.255151,0.697507,1.0,1.0,0.0,0.001655,0.69496,0.300747,0.405366,108126200.0,108126200.0,108522441.0,101281831.0,99314885.0,1830968.0,0.002017,0.0,0.000135,0.002218,0.0,1956081.0,1956081.0,0.0,0.0,0.0,0.0,178930.0,0.500064,1956081.0,0.0,3289553.0,1333472.0,32518596.0,12.4,62.1,1242737,88578,3521266.0,524860,0,2187216.0,272024.0,0,0.9341961101490203,49.0,pass,pass,Sanger / Illumina 1.9,Conventional base calls,FASTQC_OUT,fail,pass,pass,fail,pass,pass,pass,pass,warn,50-57,warn,0.0,62.14310450711683,3336838.0,female,NA,0.5,(y_counts^2 / total_counts) > cutoff,1217530,36535,540,6,5,0.00016422608457643357,0.009259259259259259
lib35092_CCVMUANXX,0.0,UNPAIRED,51271355.0,637330.0,0.0,623771.0,5068365.0,30841298.0,Unknown Library,55.477182,0.879794,0.576684,0.646051,0.406174,0.0,0.0,0.408094,0.505376,0.040342,0.245481,0.712776,1.0,1.0,0.0,0.001415,0.710411,0.304682,0.385581,125636266.0,125636266.0,126054477.0,117575554.0,115206499.0,2125035.0,0.001902,0.0,0.000131,0.002054,0.0,2272186.0,2272186.0,0.0,0.0,0.0,0.0,177735.0,0.499753,2272186.0,0.0,3698106.0,1425920.0,38279149.0,13.7,65.9,1679324,101830,3909294.0,577417,0,2576305.0,353029.0,0,0.9459779694236351,48.0,pass,pass,Sanger / Illumina 1.9,Conventional base calls,FASTQC_OUT,warn,pass,pass,fail,pass,pass,pass,pass,warn,50-57,warn,0.0,63.669917573863565,3742656.0,male,NA,0.5,(y_counts^2 / total_counts) > cutoff,1445788,46619,542,1361,23,0.029194105407666402,0.042435424354243544
lib35093_CCVMUANXX,0.0,UNPAIRED,51793468.0,644572.0,0.0,629724.0,10128449.0,35895257.0,Unknown Library,55.484357,0.878656,0.579167,0.644806,0.404384,0.0,0.0,0.377378,0.505826,0.073798,0.26154,0.663302,1.0,1.0,0.0,0.001373,0.660922,0.285925,0.361741,137245731.0,137245731.0,137739916.0,127788957.0,125314704.0,2309682.0,0.002104,0.0,0.00014,0.002455,0.0,2482500.0,2482500.0,0.0,0.0,0.0,0.0,188459.0,0.500278,2482500.0,0.0,3889488.0,1406988.0,39241929.0,13.1,66.3,1638895,109937,4198718.0,741108,0,2781865.0,364817.0,0,0.9263513291438006,48.0,pass,pass,Sanger / Illumina 1.9,Conventional base calls,FASTQC_OUT,warn,pass,pass,fail,pass,pass,pass,pass,warn,50-57,warn,0.0,66.03359269405495,3980529.0,male,NA,0.5,(y_counts^2 / total_counts) > cutoff,1458637,46641,606,1203,32,0.02579275744516627,0.052805280528052806
lib35094_CCVMUANXX,0.0,UNPAIRED,63759050.0,783210.0,0.0,768294.0,10564315.0,46459352.0,Unknown Library,55.482106,0.882156,0.591393,0.674198,0.384168,0.0,0.0,0.379729,0.504807,0.062918,0.276697,0.659239,1.0,1.0,0.0,0.001156,0.656942,0.27951,0.403803,167906776.0,167906776.0,168493940.0,157216469.0,154211911.0,2841587.0,0.002073,0.0,0.000151,0.002336,0.0,3036906.0,3036906.0,0.0,0.0,0.0,0.0,194126.0,0.500148,3036906.0,0.0,5093794.0,2056888.0,46931625.0,13.1,63.7,2097574,130025,5408430.0,926227,0,3443894.0,451425.0,0,0.9418248918817476,49.0,pass,pass,Sanger / Illumina 1.9,Conventional base calls,FASTQC_OUT,fail,pass,pass,fail,pass,pass,pass,pass,warn,50-57,warn,0.0,62.203163222118185,5166763.0,male,NA,0.5,(y_counts^2 / total_counts) > cutoff,1785335,54746,579,1466,33,0.02677821210682059,0.05699481865284974
lib35095_CCVMUANXX,0.0,UNPAIRED,40057608.0,514227.0,0.0,499338.0,6101290.0,31379533.0,Unknown Library,55.480321,0.885954,0.567301,0.63985,0.430572,0.0,0.0,0.363578,0.507345,0.055378,0.284813,0.658213,1.0,1.0,0.0,0.00161,0.655744,0.294635,0.356017,110175965.0,110175965.0,110590810.0,102540400.0,100539525.0,1853759.0,0.002057,0.0,0.000145,0.002277,0.0,1993334.0,1993334.0,0.0,0.0,0.0,0.0,177371.0,0.500357,1993334.0,0.0,3095323.0,1101989.0,32461693.0,14.7,68.2,1610165,88296,3328235.0,605069,0,2270330.0,334848.0,0,0.9300193646181835,48.0,pass,pass,Sanger / Illumina 1.9,Conventional base calls,FASTQC_OUT,warn,pass,pass,fail,pass,pass,pass,pass,warn,50-57,warn,0.0,66.83162423702443,3144111.0,male,NA,0.5,(y_counts^2 / total_counts) > cutoff,1160394,36251,542,985,23,0.027171664229952278,0.042435424354243544
lib35096_CCVMUANXX,0.0,UNPAIRED,46267823.0,571136.0,0.0,556985.0,5543621.0,23997614.0,Unknown Library,55.445767,0.869614,0.579391,0.64457,0.419809,0.0,0.0,0.421017,0.506272,0.050444,0.218368,0.729528,1.0,1.0,0.0,0.001677,0.72701,0.308511,0.38943,109895453.0,109895453.0,110276141.0,102259890.0,100046289.0,1849330.0,0.002012,0.0,0.000127,0.002249,0.0,1988901.0,1988901.0,0.0,0.0,0.0,0.0,184252.0,0.500246,1988901.0,0.0,3257448.0,1268547.0,33903986.0,15.4,66.2,1734076,94201,3473704.0,469389,0,2301298.0,354786.0,0,0.9377448395142476,49.0,pass,pass,Sanger / Illumina 1.9,Conventional base calls,FASTQC_OUT,warn,pass,pass,fail,pass,pass,pass,pass,warn,50-57,warn,0.0,63.35178549960747,3312166.0,male,NA,0.5,(y_counts^2 / total_counts) > cutoff,1285740,40836,522,1111,22,0.027206386521696543,0.0421455938697318
lib35097_CCVMUANXX,0.0,UNPAIRED,45116608.0,548713.0,0.0,537567.0,6530383.0,31628514.0,Unknown Library,55.493077,0.857217,0.593141,0.674617,0.416921,0.0,0.0,0.390915,0.50513,0.056583,0.274046,0.66789,1.0,1.0,0.0,0.001494,0.665908,0.276975,0.338647,115412976.0,115412976.0,115756506.0,107955423.0,105853407.0,1950035.0,0.001934,0.0,0.000128,0.002151,0.0,2085963.0,2085963.0,0.0,0.0,0.0,0.0,172437.0,0.500024,2085963.0,0.0,3154086.0,1068123.0,31966520.0,12.1,69.6,1274113,88813,3316854.0,618761,0,2307522.0,279442.0,0,0.9509269928673375,49.0,pass,pass,Sanger / Illumina 1.9,Conventional base calls,FASTQC_OUT,fail,pass,pass,fail,pass,pass,pass,pass,warn,50-57,warn,0.0,68.25767662328089,3192932.0,male,NA,0.5,(y_counts^2 / total_counts) > cutoff,1242461,39598,529,1145,32,0.02891560179807061,0.06049149338374291
lib35098_CCVMUANXX,0.0,UNPAIRED,41281150.0,501237.0,0.0,493708.0,6621236.0,25706969.0,Unknown Library,55.489512,0.863711,0.581801,0.670572,0.425184,0.0,0.0,0.399127,0.503784,0.064017,0.248548,0.685931,1.0,1.0,0.0,0.001517,0.683536,0.286804,0.320505,103428557.0,103428557.0,103791023.0,96504902.0,94603911.0,1744060.0,0.002109,0.0,0.000141,0.00241,0.0,1870462.0,1870462.0,0.0,0.0,0.0,0.0,156887.0,0.500163,1870462.0,0.0,2752723.0,882261.0,29663731.0,12.1,70.4,1109948,81049,2921448.0,521041,0,2057576.0,249159.0,0,0.9422461053559742,48.0,pass,pass,Sanger / Illumina 1.9,Conventional base calls,FASTQC_OUT,fail,pass,pass,fail,pass,pass,pass,pass,pass,50-57,warn,0.0,70.13101890121187,2793898.0,female,NA,0.5,(y_counts^2 / total_counts) > cutoff,1141970,34977,542,3,3,8.577064928381508e-05,0.005535055350553505
lib35099_CCVMUANXX,0.0,UNPAIRED,41301522.0,500312.0,0.0,491012.0,6901715.0,29390764.0,Unknown Library,55.493249,0.862354,0.571206,0.684887,0.424099,0.0,0.0,0.385506,0.504691,0.06442,0.274331,0.659704,1.0,1.0,0.0,0.001558,0.657683,0.274198,0.311004,107135980.0,107135980.0,107465230.0,100205400.0,98244712.0,1810184.0,0.002005,0.0,0.000134,0.002227,0.0,1936546.0,1936546.0,0.0,0.0,0.0,0.0,166906.0,0.500541,1936546.0,0.0,2810677.0,874131.0,29376514.0,11.4,71.1,1067787,81199,2977047.0,589193,0,2116124.0,241930.0,0,0.9441157630363243,48.0,pass,pass,Sanger / Illumina 1.9,Conventional base calls,FASTQC_OUT,warn,pass,pass,fail,pass,pass,pass,pass,pass,50-57,warn,0.0,70.92908427593238,2855843.0,female,NA,0.5,(y_counts^2 / total_counts) > cutoff,1139792,35239,591,2,2,5.675529952609325e-05,0.00338409475465313
lib35100_CCVMUANXX,0.0,UNPAIRED,41146211.0,496556.0,0.0,487824.0,3887653.0,19493608.0,Unknown Library,55.478166,0.882879,0.575455,0.64878,0.427306,0.0,0.0,0.439695,0.504435,0.041544,0.208312,0.748443,1.0,1.0,0.0,0.001715,0.746197,0.308749,0.330422,93579071.0,93579071.0,93860790.0,87553338.0,85766882.0,1582027.0,0.001871,0.0,0.000123,0.002048,0.0,1691851.0,1691851.0,0.0,0.0,0.0,0.0,160508.0,0.500191,1691851.0,0.0,2526744.0,834893.0,28892420.0,10.9,69.3,845866,79604,2659572.0,372667,0,1841771.0,200104.0,0,0.9500566256525486,49.0,pass,pass,Sanger / Illumina 1.9,Conventional base calls,FASTQC_OUT,warn,pass,pass,fail,pass,pass,pass,pass,warn,50-57,warn,0.0,68.97100422353863,2557054.0,female,NA,0.5,(y_counts^2 / total_counts) > cutoff,1129756,35859,561,1,1,2.7887001868429127e-05,0.0017825311942959
lib35101_CCVMUANXX,0.0,UNPAIRED,31366377.0,380274.0,0.0,372876.0,2975054.0,13015297.0,Unknown Library,55.349669,0.857452,0.550489,0.639551,0.461758,0.0,0.0,0.451616,0.504911,0.042835,0.187396,0.767371,1.0,1.0,0.0,0.002417,0.764895,0.315755,0.366611,69453571.0,69453571.0,69678481.0,64534546.0,62631674.0,1168955.0,0.002038,0.0,0.000123,0.002233,0.0,1258878.0,1258878.0,0.0,0.0,0.0,0.0,167904.0,0.500226,1258878.0,0.0,1987527.0,728649.0,21930313.0,14.3,68.6,986192,60034,2101453.0,250500,0,1441031.0,205827.0,0,0.9457870340188431,49.0,pass,pass,Sanger / Illumina 1.9,Conventional base calls,FASTQC_OUT,warn,pass,pass,fail,pass,warn,pass,pass,warn,50-57,warn,0.0,65.4123433885863,2011797.0,female,NA,0.5,(y_counts^2 / total_counts) > cutoff,858421,28988,488,491,20,0.01693804332827377,0.040983606557377046
lib35102_CCVMUANXX,0.0,UNPAIRED,27484345.0,322302.0,0.0,320826.0,6134483.0,17828200.0,Unknown Library,55.459992,0.863366,0.557704,0.670996,0.472922,0.0,0.0,0.393606,0.501148,0.087853,0.255319,0.65474,1.0,1.0,0.0,0.002105,0.652581,0.261134,0.291425,69827045.0,69827045.0,70058005.0,64887386.0,63506868.0,1173035.0,0.002285,0.0,0.000125,0.002788,0.0,1263217.0,1263217.0,0.0,0.0,0.0,0.0,146960.0,0.499488,1263217.0,0.0,1782757.0,519540.0,18234181.0,10.8,72.0,592895,50217,1883018.0,383099,0,1354852.0,145784.0,0,0.9467551558190097,49.0,pass,pass,Sanger / Illumina 1.9,Conventional base calls,FASTQC_OUT,fail,pass,pass,fail,pass,pass,pass,pass,pass,50-57,warn,0.0,72.87851232104272,1810394.0,female,NA,0.5,(y_counts^2 / total_counts) > cutoff,739719,22297,514,433,18,0.01941965286809885,0.03501945525291829
